"","nome","reddito","infmort","oil","areaGeofact"
"1","Australia",3426,26.7,"no","America"
"4","Belgium",3346,17,"no","Europe"
"5","Canada",4751,16.8,"no","Asia"
"6","Denmark",5029,13.5,"no","Europe"
"7","Finland",3312,10.1,"no","Europe"
"8","France",3403,12.9,"no","Europe"
"9","West Germany",5040,20.4,"no","Europe"
"10","Ireland",2009,17.8,"no","Europe"
"11","Italy",2298,25.7,"no","Europe"
"12","Japan",3292,11.7,"no","Europe"
"13","Netherlands",4103,11.6,"no","Europe"
"14","New Zealand",3723,16.2,"no","America"
"15","Norway",4102,11.3,"no","Europe"
"16","Portugal",956,44.8,"no","Europe"
"17","South Africa",1000,71.5,"no","Africa"
"18","Sweden",5596,9.6,"no","Europe"
"19","Switzerland",2963,12.8,"no","Europe"
"20","Britain",2503,17.5,"no","Europe"
"21","United States",5523,17.6,"no","Asia"
"22","Algeria",400,86.3,"yes","Africa"
"23","Ecuador",250,78.5,"yes","Asia"
"24","Indonesia",110,125,"yes","America"
"25","Iraq",560,28.1,"yes","America"
"26","Libya",3010,300,"yes","Africa"
"27","Nigeria",220,58,"yes","Africa"
"28","Saudi Arabia",1530,650,"yes","America"
"29","Venezuela",1240,51.7,"yes","Asia"
"30","Argentina",1191,59.6,"no","Asia"
"31","Brazil",425,170,"no","Asia"
"32","Chile",590,78,"no","Asia"
"33","Colombia",426,62.8,"no","Asia"
"34","Costa Rica",725,54.4,"no","Asia"
"35","Dominican Republic",406,48.8,"no","Asia"
"36","Greece",1760,27.8,"no","Europe"
"37","Guatemala",302,79.1,"no","Asia"
"38","Israel",2526,22.1,"no","America"
"39","Jamaica",727,26.2,"no","Asia"
"40","Lebanon",631,13.6,"no","America"
"41","Malaysia",295,32,"no","America"
"42","Mexico",684,60.9,"no","Asia"
"43","Nicaragua",507,46,"no","Asia"
"44","Panama",754,34.1,"no","Asia"
"45","Peru",335,65.1,"no","Asia"
"46","Singapore",1268,20.4,"no","America"
"47","Spain",1256,15.1,"no","Europe"
"48","Taiwan",261,19.1,"no","America"
"49","Trinidad and Tobago",732,26.2,"no","Asia"
"50","Tunisia",434,76.3,"no","Africa"
"51","Uruguay",799,40.4,"no","Asia"
"52","Yugoslavia",406,43.3,"no","Europe"
"53","Zambia",310,259,"no","Africa"
"54","Bolivia",200,60.4,"no","Asia"
"55","Cameroon",100,137,"no","Africa"
"56","Congo",281,180,"no","Africa"
"57","Egypt",210,114,"no","Africa"
"59","Ghana",217,63.7,"no","Africa"
"60","Honduras",284,39.3,"no","Asia"
"61","Ivory Coast",387,138,"no","Africa"
"62","Jordan",334,21.3,"no","America"
"63","South Korea",344,58,"no","America"
"64","Liberia",197,159.2,"no","Africa"
"65","Moroco",279,149,"no","Africa"
"66","Papua New Guinea",477,10.2,"no","America"
"67","Paraguay",347,38.6,"no","Asia"
"68","Philippines",230,67.9,"no","America"
"69","Syria",334,21.7,"no","America"
"70","Thailand",210,27,"no","America"
"71","Turkey",435,153,"no","America"
"72","South Vietnam",130,100,"no","America"
"73","Afganistan",75,400,"no","America"
"74","Bangladesh",100,124.3,"no","America"
"75","Burma",73,200,"no","America"
"76","Burundi",68,150,"no","Africa"
"77","Cambodia",123,100,"no","America"
"78","Central African Rep",122,190,"no","Africa"
"79","Chad",70,160,"no","Africa"
"80","Dahomey",81,109.6,"no","Africa"
"81","Ethiopia",79,84.2,"no","Africa"
"82","Guinea",79,216,"no","Africa"
"84","India",93,60.6,"no","America"
"85","Kenya",169,55,"no","Africa"
"87","Madagascar",120,102,"no","Africa"
"88","Malawi",130,148.3,"no","Africa"
"89","Mali",50,120,"no","Africa"
"90","Mauritania",174,187,"no","Africa"
"92","Niger",70,200,"no","Africa"
"93","Pakistan",102,124.3,"no","America"
"94","Rwanda",61,132.9,"no","Africa"
"95","Sierra Leone",148,170,"no","Africa"
"96","Somalia",85,158,"no","Africa"
"97","Sri Lanka",162,45.1,"no","America"
"98","Sudan",125,129.4,"no","Africa"
"99","Tanzania",120,162.5,"no","Africa"
"100","Togo",160,127,"no","Africa"
"101","Uganda",134,160,"no","Africa"
"102","Upper Volta",82,180,"no","Africa"
"103","Southern Yemen",96,80,"no","America"
"104","Yemen",77,50,"no","America"
"105","Zaire",118,104,"no","Africa"
